{
	"format_version": "1.8.0",
	"animations": {
		"animation.wardian.invocation": {
			"animation_length": 2.5,
			"bones": {
				"head": {
					"rotation": {
						"0.0": {
							"vector": [2.5, 0, 0]
						},
						"0.9583": {
							"vector": [-17.5, 0, 0]
						},
						"1.0417": {
							"vector": [-18.0551, -12.77619, 4.11658]
						},
						"1.4583": {
							"vector": [-19.75723, 25.07217, -8.63552]
						},
						"1.5417": {
							"vector": [-17.5, 0, 0]
						},
						"2.5": {
							"vector": [2.5, 0, 0]
						}
					}
				},
				"left_arm": {
					"rotation": {
						"0.0": {
							"vector": [0, 0, 0]
						},
						"1.0": {
							"vector": [-116.33126, 18.48445, -7.7261]
						},
						"1.5": {
							"vector": [-116.33126, 18.48445, -7.7261]
						},
						"2.5": {
							"vector": [0, 0, 0]
						}
					}
				},
				"right_arm": {
					"rotation": {
						"0.0": {
							"vector": [0, 0, 0]
						},
						"1.0": {
							"vector": [-113.90541, -21.18862, 7.73511]
						},
						"1.5": {
							"vector": [-113.90541, -21.18862, 7.73511]
						},
						"2.5": {
							"vector": [0, 0, 0]
						}
					}
				},
				"left_tendril": {
					"rotation": {
						"0.0": {
							"vector": [0, 0, 0]
						},
						"0.5": {
							"vector": [0, 0, -27.5]
						},
						"0.625": {
							"vector": [0, 8.01131, -11.20304]
						},
						"1.875": {
							"vector": [0, -5.52395, -9.46081]
						},
						"2.0": {
							"vector": [0, 0, -27.5]
						},
						"2.5": {
							"vector": [0, 0, 0]
						}
					}
				},
				"right_tendril": {
					"rotation": {
						"0.0": {
							"vector": [0, 0, 0]
						},
						"0.5": {
							"vector": [0.07003, 9.49121, 12.92347]
						},
						"0.625": {
							"vector": [0, -8.62893, 20]
						},
						"1.875": {
							"vector": [0, 15.01116, 20]
						},
						"2.0": {
							"vector": [0.07003, 9.49121, 12.92347]
						},
						"2.5": {
							"vector": [0, 0, 0]
						}
					}
				}
			},
			"particle_effects": {}
		},
		"animation.wardian.walk": {
			"loop": true,
			"animation_length": 4,
			"bones": {
				"left_leg": {
					"rotation": {
						"0.0": {
							"vector": [0, 0, 0]
						},
						"1.0": {
							"vector": [17.5, 0, 0]
						},
						"2.0": {
							"vector": [0, 0, 0]
						},
						"3.0": {
							"vector": [-17.5, 0, 0]
						},
						"4.0": {
							"vector": [0, 0, 0]
						}
					}
				},
				"right_leg": {
					"rotation": {
						"0.0": {
							"vector": [0, 0, 0]
						},
						"1.0": {
							"vector": [-10, 0, 0]
						},
						"2.0": {
							"vector": [0, 0, 0]
						},
						"3.0": {
							"vector": [17.5, 0, 0]
						},
						"4.0": {
							"vector": [0, 0, 0]
						}
					}
				},
				"left_arm": {
					"rotation": {
						"0.0": {
							"vector": [0, 0, 0]
						},
						"1.0": {
							"vector": [-17.5, 0, 0]
						},
						"2.0": {
							"vector": [0, 0, 0]
						},
						"3.0": {
							"vector": [12.5, 0, 0]
						},
						"4.0": {
							"vector": [0, 0, 0]
						}
					}
				},
				"right_arm": {
					"rotation": {
						"0.0": {
							"vector": [0, 0, 0]
						},
						"1.0": {
							"vector": [22.5, 0, 0]
						},
						"2.0": {
							"vector": [0, 0, 0]
						},
						"3.0": {
							"vector": [-22.5, 0, 0]
						},
						"4.0": {
							"vector": [0, 0, 0]
						}
					}
				}
			}
		},
		"animation.wardian.attack": {
			"loop": true,
			"animation_length": 1,
			"bones": {
				"right_arm": {
					"rotation": {
						"0.0": {
							"vector": [0, 0, 0]
						},
						"0.5": {
							"vector": [-53.48, -35.85, 20.97]
						},
						"0.7917": {
							"vector": [0, 0, 0]
						}
					}
				}
			}
		},
		"animation.wardian.attack_distance": {
			"animation_length": 3.5,
			"bones": {
				"left_arm": {
					"rotation": {
						"0.0": {
							"vector": [0, 0, 0]
						},
						"1.5": {
							"vector": [-97.34325, 36.51964, 5.49438]
						},
						"2.0": {
							"vector": [-97.34325, 36.51964, 5.49438]
						},
						"3.5": {
							"vector": [0, 0, 0]
						}
					}
				},
				"right_arm": {
					"rotation": {
						"0.0": {
							"vector": [0, 0, 0]
						},
						"1.5": {
							"vector": [-60.60921, -2.4128, 33.22494]
						},
						"2.0": {
							"vector": [-60.60921, -2.4128, 33.22494]
						},
						"3.5": {
							"vector": [0, 0, 0]
						}
					}
				}
			}
		},
		"animation.wardian.idle": {
			"loop": true,
			"animation_length": 2,
			"bones": {
				"head": {
					"rotation": {
						"0.0": {
							"vector": [0, 0, 0]
						},
						"0.5": {
							"vector": [35, 0, 0]
						},
						"2.0": {
							"vector": [0, 0, 0]
						}
					}
				},
				"left_arm": {
					"rotation": {
						"0.0": {
							"vector": [0, 0, 0]
						},
						"0.5": {
							"vector": [-12.5, 0, 0]
						},
						"1.5": {
							"vector": [8.33, 0, 0]
						},
						"2.0": {
							"vector": [0, 0, 0]
						}
					}
				},
				"right_arm": {
					"rotation": {
						"0.0": {
							"vector": [0, 0, 0]
						},
						"0.5": {
							"vector": [-19.66642, -35.85064, 11.82216]
						},
						"1.5": {
							"vector": [12.5, 0, 0]
						},
						"2.0": {
							"vector": [0, 0, 0]
						}
					}
				},
				"left_leg": {
					"rotation": {
						"0.0": {
							"vector": [0, 0, 0]
						},
						"0.5": {
							"vector": [-25.62758, 19.6835, -3.61644]
						},
						"2.0": {
							"vector": [0, 0, 0]
						}
					}
				},
				"right_tendril": {
					"rotation": {
						"0.0": {
							"vector": [0, 0, 0]
						},
						"0.625": {
							"vector": [0, 0, 12.5]
						},
						"0.9167": {
							"vector": [0, -2.5, 14.68349]
						},
						"1.625": {
							"vector": [0, 16.25316, 21.55236]
						},
						"1.75": {
							"vector": [0, 0, 22.27]
						},
						"2.0": {
							"vector": [0, 0, 0]
						}
					}
				}
			}
		}
	},
	"geckolib_format_version": 2
}